{
  "measure_id": "CMS0334",
  "patient_count": 135,
  "timings_ms": {
    "cql_parse_ms": 16.555993992369622,
    "sql_generation_ms": 3964.219351997599,
    "sql_execution_ms": 9472.624996007653,
    "total_ms": 13453.400341997622
  },
  "patients_per_second": 10.034637828963513,
  "comparison": {
    "total_patients": 135,
    "matching_patients": 135,
    "accuracy_pct": 100.0
  }
}