{
  "measure_id": "CMS1017",
  "patient_count": 42,
  "timings_ms": {
    "cql_parse_ms": 26.90754199284129,
    "sql_generation_ms": 2595.832121995045,
    "sql_execution_ms": 464.8894809943158,
    "total_ms": 3087.629144982202
  },
  "patients_per_second": 13.602669889373033,
  "comparison": {
    "total_patients": 42,
    "matching_patients": 39,
    "accuracy_pct": 92.85714285714286
  }
}