{
  "measure_id": "CMS128",
  "patient_count": 10,
  "timings_ms": {
    "cql_parse_ms": 13.881969003705308,
    "sql_generation_ms": 3828.334632999031,
    "sql_execution_ms": 637.0905179937836,
    "total_ms": 4479.30711999652
  },
  "patients_per_second": 2.23248813535424,
  "comparison": {
    "total_patients": 10,
    "matching_patients": 10,
    "accuracy_pct": 100.0
  }
}