{
  "measure_id": "CMS159",
  "patient_count": 67,
  "timings_ms": {
    "cql_parse_ms": 19.289104006020352,
    "sql_generation_ms": 1232.898804009892,
    "sql_execution_ms": 140.76453397865407,
    "total_ms": 1392.9524419945665
  },
  "patients_per_second": 48.0992731554157,
  "comparison": {
    "total_patients": 67,
    "matching_patients": 67,
    "accuracy_pct": 100.0
  }
}