{
  "measure_id": "CMS145",
  "patient_count": 69,
  "timings_ms": {
    "cql_parse_ms": 33.07265701005235,
    "sql_generation_ms": 1853.2010130002163,
    "sql_execution_ms": 242.50304701854475,
    "total_ms": 2128.7767170288134
  },
  "patients_per_second": 32.41298133714324,
  "comparison": {
    "total_patients": 51,
    "matching_patients": 49,
    "accuracy_pct": 96.07843137254902
  }
}