{
  "measure_id": "CMS142",
  "patient_count": 32,
  "timings_ms": {
    "cql_parse_ms": 13.700812007300556,
    "sql_generation_ms": 1237.0340460038278,
    "sql_execution_ms": 65.41291499161161,
    "total_ms": 1316.14777300274
  },
  "patients_per_second": 24.313379284906013,
  "comparison": {
    "total_patients": 32,
    "matching_patients": 32,
    "accuracy_pct": 100.0
  }
}