{
  "measure_id": "CMS130",
  "patient_count": 64,
  "timings_ms": {
    "cql_parse_ms": 12.832865002565086,
    "sql_generation_ms": 5043.16912899958,
    "sql_execution_ms": 134.05043998500332,
    "total_ms": 5190.052433987148
  },
  "patients_per_second": 12.33128196950283,
  "comparison": {
    "total_patients": 64,
    "matching_patients": 64,
    "accuracy_pct": 100.0
  }
}