{
  "measure_id": "CMS190",
  "patient_count": 125,
  "timings_ms": {
    "cql_parse_ms": 37.238485005218536,
    "sql_generation_ms": 3774.7543380246498,
    "sql_execution_ms": 310.55695601389743,
    "total_ms": 4122.549779043766
  },
  "patients_per_second": 30.321040787770432,
  "comparison": {
    "total_patients": 125,
    "matching_patients": 125,
    "accuracy_pct": 100.0
  }
}