{
  "measure_id": "CMS125",
  "patient_count": 66,
  "timings_ms": {
    "cql_parse_ms": 10.960415995214134,
    "sql_generation_ms": 5005.765006993897,
    "sql_execution_ms": 155.37065398530103,
    "total_ms": 5172.096076974412
  },
  "patients_per_second": 12.76078383265627,
  "comparison": {
    "total_patients": 66,
    "matching_patients": 66,
    "accuracy_pct": 100.0
  }
}