{
  "measure_id": "CMS1056",
  "patient_count": 10,
  "timings_ms": {
    "cql_parse_ms": 4.433269990840927,
    "sql_generation_ms": 94776.76071599126,
    "sql_execution_ms": 36.11249299137853,
    "total_ms": 94817.30647897348
  },
  "patients_per_second": 0.10546597843103234,
  "comparison": {
    "total_patients": 10,
    "matching_patients": 10,
    "accuracy_pct": 100.0
  }
}