{
  "measure_id": "CMS117",
  "patient_count": 10,
  "timings_ms": {
    "cql_parse_ms": 55.15205301344395,
    "sql_generation_ms": 2867.1892209968064,
    "sql_execution_ms": 374.4561600033194,
    "total_ms": 3296.7974340135697
  },
  "patients_per_second": 3.0332467190214514,
  "comparison": {
    "total_patients": 10,
    "matching_patients": 10,
    "accuracy_pct": 100.0
  }
}