{
  "measure_id": "CMS1264",
  "patient_count": 53,
  "timings_ms": {
    "cql_parse_ms": 20.623574004275724,
    "sql_generation_ms": 1805.92607500148,
    "sql_execution_ms": 112.20933799631894,
    "total_ms": 1938.7589870020747
  },
  "patients_per_second": 27.33707508531244,
  "comparison": {
    "total_patients": 53,
    "matching_patients": 53,
    "accuracy_pct": 100.0
  }
}