{
  "measure_id": "CMS122",
  "patient_count": 56,
  "timings_ms": {
    "cql_parse_ms": 10.374647012213245,
    "sql_generation_ms": 4310.435152990976,
    "sql_execution_ms": 122.7520469983574,
    "total_ms": 4443.561847001547
  },
  "patients_per_second": 12.602502660740058,
  "comparison": {
    "total_patients": 56,
    "matching_patients": 56,
    "accuracy_pct": 100.0
  }
}