{
  "measure_id": "CMS22",
  "patient_count": 43,
  "timings_ms": {
    "cql_parse_ms": 40.17152401502244,
    "sql_generation_ms": 1202.365581993945,
    "sql_execution_ms": 501.1304280196782,
    "total_ms": 1743.6675340286456
  },
  "patients_per_second": 24.660664467756032,
  "comparison": {
    "total_patients": 43,
    "matching_patients": 43,
    "accuracy_pct": 100.0
  }
}