{
  "measure_id": "CMS2",
  "patient_count": 36,
  "timings_ms": {
    "cql_parse_ms": 20.068070996785536,
    "sql_generation_ms": 2261.885854997672,
    "sql_execution_ms": 941.8008110078517,
    "total_ms": 3223.7547370023094
  },
  "patients_per_second": 11.167102629363026,
  "comparison": {
    "total_patients": 36,
    "matching_patients": 36,
    "accuracy_pct": 100.0
  }
}