{
  "measure_id": "CMS50",
  "patient_count": 33,
  "timings_ms": {
    "cql_parse_ms": 13.70412201504223,
    "sql_generation_ms": 1612.8799130092375,
    "sql_execution_ms": 39.89295297651552,
    "total_ms": 1666.4769880007952
  },
  "patients_per_second": 19.802253639030898,
  "comparison": {
    "total_patients": 33,
    "matching_patients": 33,
    "accuracy_pct": 100.0
  }
}