{
  "measure_id": "CMS646",
  "patient_count": 37,
  "timings_ms": {
    "cql_parse_ms": 19.328354013850912,
    "sql_generation_ms": 1211.388366005849,
    "sql_execution_ms": 74.06616801745258,
    "total_ms": 1304.7828880371526
  },
  "patients_per_second": 28.357208190905133,
  "comparison": {
    "total_patients": 37,
    "matching_patients": 37,
    "accuracy_pct": 100.0
  }
}