{
  "measure_id": "CMS71",
  "patient_count": 83,
  "timings_ms": {
    "cql_parse_ms": 14.128448005067185,
    "sql_generation_ms": 2807.0423459867015,
    "sql_execution_ms": 75.94828298897482,
    "total_ms": 2897.1190769807436
  },
  "patients_per_second": 28.649150343692167,
  "comparison": {
    "total_patients": 83,
    "matching_patients": 83,
    "accuracy_pct": 100.0
  }
}