{
  "measure_id": "CMS75",
  "patient_count": 20,
  "timings_ms": {
    "cql_parse_ms": 5.616959999315441,
    "sql_generation_ms": 2355.1329509937204,
    "sql_execution_ms": 32.18232200015336,
    "total_ms": 2392.9322329931892
  },
  "patients_per_second": 8.3579466748973,
  "comparison": {
    "total_patients": 20,
    "matching_patients": 20,
    "accuracy_pct": 100.0
  }
}