{
  "measure_id": "CMS72",
  "patient_count": 159,
  "timings_ms": {
    "cql_parse_ms": 17.359970981488004,
    "sql_generation_ms": 2721.876838011667,
    "sql_execution_ms": 240.78520899638534,
    "total_ms": 2980.0220179895405
  },
  "patients_per_second": 53.35531047762818,
  "comparison": {
    "total_patients": 159,
    "matching_patients": 159,
    "accuracy_pct": 100.0
  }
}