{
  "measure_id": "CMS871",
  "patient_count": 10,
  "timings_ms": {
    "cql_parse_ms": 24.899045005440712,
    "sql_generation_ms": 2299.107130995253,
    "sql_execution_ms": 523.0041059840005,
    "total_ms": 2847.0102819846943
  },
  "patients_per_second": 3.5124565806024584,
  "comparison": {
    "total_patients": 10,
    "matching_patients": 10,
    "accuracy_pct": 100.0
  }
}