{
  "measure_id": "CMS826",
  "patient_count": 9,
  "timings_ms": {
    "cql_parse_ms": 10.364151996327564,
    "sql_generation_ms": 1659.7430389956571,
    "sql_execution_ms": 120.94002199592069,
    "total_ms": 1791.0472129879054
  },
  "patients_per_second": 5.024993163070111,
  "comparison": {
    "total_patients": 9,
    "matching_patients": 9,
    "accuracy_pct": 100.0
  }
}