{
  "measure_id": "CMS816",
  "patient_count": 27,
  "timings_ms": {
    "cql_parse_ms": 7.806420995621011,
    "sql_generation_ms": 1703.510544000892,
    "sql_execution_ms": 87.4739779974334,
    "total_ms": 1798.7909429939464
  },
  "patients_per_second": 15.010082247279174,
  "comparison": {
    "total_patients": 27,
    "matching_patients": 27,
    "accuracy_pct": 100.0
  }
}