{
  "measure_id": "CMS832",
  "patient_count": 34,
  "timings_ms": {
    "cql_parse_ms": 48.15456800861284,
    "sql_generation_ms": 4649.789785995381,
    "sql_execution_ms": 95015.99701598752,
    "total_ms": 99713.94136999152
  },
  "patients_per_second": 0.34097538952794976,
  "comparison": {
    "total_patients": 34,
    "matching_patients": 34,
    "accuracy_pct": 100.0
  }
}