{
  "measure_id": "CMS819",
  "patient_count": 18,
  "timings_ms": {
    "cql_parse_ms": 6.789473001845181,
    "sql_generation_ms": 1760.0654420093633,
    "sql_execution_ms": 65.20036299480125,
    "total_ms": 1832.0552780060098
  },
  "patients_per_second": 9.825031054516552,
  "comparison": {
    "total_patients": 18,
    "matching_patients": 18,
    "accuracy_pct": 100.0
  }
}