{
  "measure_id": "CMS996",
  "patient_count": 112,
  "timings_ms": {
    "cql_parse_ms": 34.526548988651484,
    "sql_generation_ms": 2125.6724770064466,
    "sql_execution_ms": 216.12644699052908,
    "total_ms": 2376.325472985627
  },
  "patients_per_second": 47.13159088400573,
  "comparison": {
    "total_patients": 112,
    "matching_patients": 112,
    "accuracy_pct": 100.0
  }
}